Glycemic Index,Calories,Carbohydrates,Protein,Fat,Sodium Content,Potassium Content,Magnesium Content,Calcium Content,Fiber Content
39,52,14.0,0.3,0.2,0,107,9,6,2.4
51,96,23.0,1.1,0.2,1,358,27,5,2.6
42,43,9.0,0.9,0.1,0,181,10,40,2.3
40,29,7.0,0.7,0.3,1,153,13,16,2.0
53,57,14.0,0.7,0.3,1,77,9,6,2.4
76,30,8.0,0.6,0.2,1,112,11,8,0.6
66,50,13.0,0.5,0.1,1,180,12,13,1.4
51,60,15.0,0.8,0.4,2,156,9,11,1.6
46,69,18.0,0.7,0.2,2,191,11,10,0.9
15,160,9.0,2.0,15.0,7,485,29,12,6.7
15,18,4.0,0.9,0.2,5,237,11,6,1.2
47,41,10.0,0.9,0.2,69,320,12,33,2.8
15,55,11.0,4.2,0.6,33,316,21,47,2.6
15,23,3.6,2.9,0.4,79,558,79,99,2.2
15,5,1.0,0.5,0.1,5,45,8,18,0.5
15,16,3.6,0.7,0.1,2,147,13,16,0.5
15,17,3.1,1.2,0.2,3,295,18,16,1.0
15,31,6.0,1.3,0.3,1,211,10,10,2.1
15,25,5.0,2.0,0.3,30,299,15,22,2.0
15,6,1.2,0.3,0.1,35,104,8,40,1.6
15,25,6.0,1.0,0.2,2,229,14,9,3.0
70,86,20.0,1.6,0.1,55,337,23,30,3.0
68,216,45.8,5.0,1.8,7,154,43,19,3.5
53,120,21.3,4.4,1.9,5,172,64,17,2.8
55,153,26.3,5.3,2.7,2,164,79,54,4.0
69,79,15.4,2.9,1.0,134,82,29,20,2.7
0,206,0.0,22.0,13.0,59,628,27,12,0.0
0,165,0.0,31.0,3.6,74,354,29,11,0.0
0,250,0.0,26.0,17.0,54,376,20,12,0.0
0,98,0.0,22.0,1.0,47,290,22,10,0.0
0,78,0.6,6.0,5.3,62,63,10,28,0.0
0,579,21.6,21.2,49.9,1,733,270,264,12.5
0,654,13.7,15.2,65.2,2,441,158,98,6.7
14,567,16.1,25.8,49.2,18,705,168,92,8.5
11,59,3.6,10.0,0.4,36,141,12,118,0.0
10,98,2.6,11.1,4.3,364,104,7,125,0.0
32,116,20.0,9.0,0.4,2,369,36,18,7.9
10,269,45.0,15.0,4.2,24,875,79,80,12.2
30,227,41.4,15.2,0.9,1,611,120,28,15.0
32,352,60.0,24.0,1.1,3,731,47,56,10.7
53,120,21.3,4.4,1.9,5,172,64,17,2.8
15,23,3.6,2.9,0.4,79,558,79,99,2.2
15,49,8.8,4.3,0.9,23,330,33,150,2.0
0,206,0.0,22.0,13.0,59,628,27,12,0.0
0,165,0.0,31.0,3.6,74,354,29,11,0.0
0,250,0.0,26.0,17.0,54,376,20,12,0.0
0,98,0.0,22.0,1.0,47,290,22,10,0.0
0,78,0.6,6.0,5.3,62,63,10,28,0.0
0,579,21.6,21.2,49.9,1,733,270,264,12.5
0,654,13.7,15.2,65.2,2,441,158,98,6.7
14,567,16.1,25.8,49.2,18,705,168,92,8.5
11,59,3.6,10.0,0.4,36,141,12,118,0.0
10,98,2.6,11.1,4.3,364,104,7,125,0.0
32,116,20.0,9.0,0.4,2,369,36,18,7.9
10,269,45.0,15.0,4.2,24,875,79,80,12.2
30,227,41.4,15.2,0.9,1,611,120,28,15.0
32,352,60.0,24.0,1.1,3,731,47,56,10.7
53,120,21.3,4.4,1.9,5,172,64,17,2.8
15,23,3.6,2.9,0.4,79,558,79,99,2.2
15,49,8.8,4.3,0.9,23,330,33,150,2.0
15,160,9.0,2.0,15.0,7,485,29,12,7.0
40,43,10.0,0.7,0.4,1,77,6,16,2.4
40,62,15.0,1.2,0.2,0,237,10,52,3.1
39,52,14.0,0.3,0.2,0,107,5,6,2.4
59,69,18.0,0.72,0.16,2,191,8,10,0.9
72,30,8.0,0.6,0.2,1,112,10,11,0.6
53,57,14.0,0.7,0.3,1,77,9,6,2.4
40,32,7.7,0.7,0.3,1,153,13,16,2.0
10,55,11.2,3.7,0.6,33,316,21,48,5.1
15,25,5.3,1.9,0.3,30,299,15,22,2.0
15,31,7.0,1.8,0.2,6,209,25,37,3.4
15,17,3.1,1.2,0.2,8,247,18,16,1.0
39,41,10.0,0.9,0.2,69,320,12,33,2.8
15,18,3.9,0.9,0.2,5,237,11,10,1.2
15,16,3.6,0.7,0.1,2,76,7,14,0.5
15,20,3.7,2.2,0.2,2,202,14,24,2.0
10,22,3.3,3.1,0.3,5,318,9,3,1.0
10,25,5.8,1.3,0.1,18,170,9,40,2.2
10,40,9.3,1.1,0.1,4,146,10,23,1.7
30,149,33.1,6.4,0.5,17,401,25,181,2.1
10,5,1.0,0.5,0.0,5,60,4,13,0.5
15,16,3.8,0.7,0.2,80,260,11,40,1.6
15,31,6.3,1.3,0.3,3,175,10,10,1.7
15,25,6.0,1.0,0.2,2,229,14,9,3.0
15,25,5.3,1.9,0.3,30,299,15,22,2.0
10,25,6.0,1.2,0.1,9,170,9,47,2.0
10,41,6.6,3.9,0.7,699,352,17,7,1.6
38,74,16.0,2.6,0.6,479,800,26,42,2.4
10,86,7.2,9.6,1.9,1086,262,13,37,0.6
10,73,16.0,2.9,0.6,909,511,18,43,3.1
38,116,21.7,8.2,0.6,704,478,36,22,8.3
35,206,17.9,21.4,6.4,388,511,39,108,2.5
55,185,23.6,16.9,2.7,766,732,51,57,5.4
15,124,10.9,10.1,4.5,312,406,35,40,5.6
10,196,5.9,29.7,6.7,384,282,23,36,1.7
10,179,0.7,22.2,9.9,387,207,22,15,0.1
15,193,5.2,5.9,18.2,469,152,17,152,2.0
15,157,4.6,7.9,12.4,255,213,22,236,1.1
15,184,4.1,7.8,16.2,413,207,17,195,1.3
0,165,0.0,31.0,3.6,75,393,26,13,0.0
0,206,0.0,22.2,13.4,63,380,32,14,0.0
15,140,5.3,25.0,1.7,230,401,34,53,1.0
0,135,0.0,29.0,1.0,59,334,25,13,0.0
0,206,0.0,22.2,13.4,63,380,32,14,0.0
0,165,0.0,31.0,3.6,75,393,26,13,0.0
15,62,11.7,2.5,0.6,28,452,19,54,4.1
53,118,20.4,4.2,2.5,9,152,64,19,2.6
10,98,3.4,11.1,4.3,364,92,9,83,0.0
11,59,3.6,10.0,0.4,39,141,10,80,0.0
0,579,21.6,21.2,49.9,1,705,270,264,12.5
0,654,13.7,15.2,65.2,2,441,158,98,6.7
13,567,16.1,25.8,49.2,18,705,168,92,8.5
1,486,42.1,16.5,30.7,16,407,335,631,34.4
1,534,28.9,18.3,42.2,30,813,392,255,27.3
55,389,66.3,16.9,6.9,2,429,177,54,10.6
50,370,77.5,7.9,2.9,7,143,143,14,3.5
53,368,64.2,14.1,6.0,7,563,197,31,5.9
29,116,20.0,9.0,0.4,2,369,36,18,7.9
24,127,22.8,8.7,0.5,1,403,28,35,6.4
28,164,27.0,8.9,2.6,24,291,48,49,7.6
48,81,14.5,5.0,0.4,2,160,24,25,4.1
10,55,11.2,4.4,0.6,33,316,21,47,3.3
0,23,3.6,2.9,0.4,79,558,79,99,2.2
0,49,8.8,4.3,0.6,38,491,31,150,3.6
15,20,3.7,2.2,0.2,2,202,14,24,2.1
15,17,3.1,1.2,0.3,8,295,18,16,1.1
15,25,5.3,1.9,0.3,30,299,15,22,2.0
15,47,10.5,3.3,0.2,94,343,60,21,5.4
40,43,9.6,0.9,0.4,1,77,6,16,2.3
39,52,14.0,0.3,0.2,1,107,5,6,2.4
40,62,15.4,1.2,0.2,0,237,14,52,3.1
53,69,18.0,0.7,0.2,2,191,7,13,0.9
76,30,7.6,0.6,0.2,1,112,10,11,0.6
66,50,13.1,0.5,0.1,1,109,12,13,1.4
40,32,7.7,0.7,0.3,1,153,13,16,2.0
53,57,14.5,0.7,0.3,1,77,6,6,2.4
10,160,8.5,2.0,14.7,7,485,29,12,6.7
15,16,3.6,0.6,0.2,2,76,7,16,0.5
71,41,9.6,0.9,0.2,69,320,12,33,2.8
70,90,21.0,2.0,0.2,41,337,27,30,3.3
53,118,20.4,4.2,2.5,9,152,64,19,2.6
15,25,6.0,1.0,0.2,2,229,14,9,2.5
10,25,6.0,1.0,0.1,9,170,12,40,2.2
15,16,3.4,0.7,0.1,2,202,10,25,1.6
10,22,3.3,3.1,0.3,5,318,9,2,1.0
15,18,3.9,0.9,0.2,5,237,11,12,1.2
15,6,1.2,0.3,0.1,35,104,6,41,0.6
10,5,0.9,0.5,0.1,5,141,6,18,0.5
10,40,9.0,1.1,0.1,3,146,10,23,1.7
30,149,33.1,6.4,0.5,17,401,25,181,2.1
15,80,17.8,1.8,0.8,13,415,43,16,1.1
15,25,5.3,1.9,0.3,30,299,15,22,2.0
41,552,6.6,5.5,57.2,15,263,26,14,0.5
25,39,1.5,1.0,3.0,186,170,9,113,0.6
25,54,3.9,3.3,2.7,43,118,31,119,0.4
11,59,3.6,10.0,0.4,38,141,7,118,0.0
1,138,12.3,4.7,8.8,16,160,77,631,10.6
50,534,28.9,18.3,42.2,30,813,392,255,27.3
55,389,66.0,17.0,6.9,2,429,177,54,10.6
50,216,45.8,4.5,1.6,2,86,43,10,3.5
53,120,21.3,4.4,1.9,5,172,64,17,2.8
32,353,63.4,24.6,1.1,2,955,36,37,10.7
30,341,62.4,21.6,1.2,2,1200,120,211,16.6
28,364,61.6,19.0,6.04,24,875,79,45,17.4
0,206,0.0,22.0,13.0,47,628,32,13,0.0
0,116,0.0,26.0,1.0,35,333,22,4,0.0
0,165,0.0,31.0,3.6,74,334,29,11,0.0
0,161,0.0,30.6,3.2,66,318,26,15,0.0
0,250,0.0,26.0,17.0,54,380,21,10,0.0
0,52,0.7,11.0,0.2,166,147,6,28,0.0
0,579,21.7,21.2,49.9,1,705,268,269,12.5
15,654,13.7,15.2,65.2,2,441,158,98,6.7
13,567,16.1,25.8,49.2,18,705,168,92,8.5
27,553,30.2,18.2,43.9,12,660,292,37,3.3
0,884,0.0,0.0,100.0,2,1,1,1,0.0
0,862,0.0,0.0,100.0,0,0,0,0,0.0
0,160,8.5,2.0,14.7,7,485,29,12,6.7
53,57,14.0,0.7,0.3,1,77,9,6,2.4
40,29,7.0,0.7,0.3,1,153,13,16,2.0
32,52,12.0,1.2,0.7,1,151,27,25,6.5
39,52,14.0,0.3,0.2,0,107,9,6,2.4
40,43,9.0,0.9,0.1,0,181,10,40,2.3
59,69,18.0,0.7,0.2,2,191,6,11,0.9
72,30,8.0,0.6,0.2,1,112,10,8,0.6
66,50,13.0,0.5,0.1,1,109,12,13,1.4
53,61,15.0,1.1,0.5,2,312,17,34,3.0
10,98,2.6,11.1,4.3,364,104,10,83,0.0
14,223,10.2,7.6,17.2,349,346,29,118,2.2
53,218,35.2,7.7,6.4,192,318,64,45,4.1
44,116,21.1,7.9,0.6,545,368,36,24,7.8
0,196,1.1,22.4,12.0,230,250,20,22,0.4
70,238,19.7,13.3,11.4,243,311,35,59,2.4
15,33,6.6,2.4,0.3,8,358,37,16,1.2
50,180,10.0,6.0,14.0,375,204,22,92,5.0
0,23,3.6,2.9,0.4,79,167,20,30,2.2
15,144,6.1,13.7,8.6,10,206,52,204,1.5
15,55,11.2,3.7,0.6,33,457,21,47,3.3
10,98,2.6,11.1,4.3,364,104,7,83,0.0
0,280,2.2,24.0,20.0,627,58,22,505,0.0
15,25,6.0,1.0,0.0,2,229,14,9,3.0
15,17,3.1,1.2,0.3,2,280,18,16,1.0
15,31,6.3,0.9,0.3,1,175,9,10,2.5
15,55,11.2,4.4,0.6,33,316,21,47,3.3
15,23,3.6,2.9,0.4,79,167,79,99,2.2
15,49,9.0,4.3,0.9,38,330,24,150,3.6
15,25,5.3,2.0,0.3,30,320,15,22,2.0
15,20,3.7,2.2,0.2,2,202,14,24,2.2
15,43,9.0,3.4,0.3,25,342,17,36,3.8
15,25,6.0,1.3,0.1,18,170,10,34,2.5
15,6,1.2,0.3,0.1,35,260,11,40,1.6
15,5,1.2,0.5,0.1,5,194,7,36,0.5
53,120,21.3,4.4,1.9,7,172,64,17,2.8
50,216,44.8,4.5,1.8,5,43,48,20,3.5
55,389,66.3,16.9,6.9,2,429,138,54,10.6
69,247,49.0,10.0,2.5,422,154,61,84,6.3
28,354,73.5,12.5,2.3,8,452,158,33,17.3
32,230,39.9,17.9,0.8,2,731,36,19,15.6
42,364,61.5,19.0,6.0,24,875,79,49,17.4
24,333,60.1,23.7,0.8,2,1405,70,35,24.9
30,339,62.4,21.0,1.4,1,1250,120,46,15.0
15,654,13.7,15.2,65.2,2,441,158,98,6.7
0,575,20.0,21.0,49.9,1,773,70,264,12.2
25,553,30.2,18.2,43.9,12,565,292,37,3.3
13,567,16.1,25.8,49.2,18,705,168,92,8.5
0,534,28.9,18.3,42.2,30,813,392,255,27.3
1,486,42.1,16.5,30.7,16,407,335,631,34.4
11,59,3.6,10.0,0.0,36,141,12,119,0.0
0,206,0.0,22.0,13.4,59,628,29,12,0.0
0,116,0.0,26.0,0.8,35,346,22,9,0.0
0,165,0.0,31.0,3.6,63,248,32,11,0.0
0,250,0.0,26.0,17.0,55,393,22,11,0.0
0,147,0.0,28.0,1.7,40,377,28,11,0.0
0,105,0.0,23.0,0.9,63,429,29,12,0.0
0,85,0.0,20.0,0.9,119,239,16,56,0.0
34,54,3.2,3.3,3.0,47,118,14,93,1.2
25,39,1.5,1.0,3.0,72,64,9,183,0.5
41,230,5.5,2.3,23.8,15,263,32,14,2.2
15,160,9.0,2.0,14.7,7,485,29,12,7.0
0,119,0.0,0.0,13.5,0,0,0,0,0.0
0,120,0.0,0.0,13.6,0,0,0,0,0.0
0,120,0.0,0.0,13.6,0,0,0,0,0.0
0,120,0.0,0.0,13.6,0,0,0,0,0.0
0,902,0.0,0.0,100.0,0,0,0,0,0.0
39,52,14.0,0.3,0.2,1,107,5,6,2.4
38,57,15.3,0.4,0.1,1,116,7,9,3.1
40,62,15.4,1.2,0.2,0,181,10,43,3.1
53,57,14.0,0.7,0.3,1,77,9,6,2.4
40,29,7.0,0.7,0.3,1,153,13,16,2.0
32,53,12.0,1.2,0.7,1,151,22,27,6.5
72,30,7.6,0.6,0.2,1,112,10,8,0.4
59,50,13.0,0.5,0.1,1,109,12,13,1.4
53,61,14.7,1.1,0.5,3,237,17,34,3.0
15,16,3.6,0.7,0.2,2,147,10,16,0.5
15,16,3.5,0.7,0.2,80,260,11,40,1.6
0,5,1.0,0.5,0.0,28,194,4,18,0.5
0,23,3.6,2.9,0.4,79,558,79,99,2.2
0,49,9.0,4.3,0.9,38,330,33,150,3.6
15,55,11.2,3.7,0.6,33,316,21,47,3.3
15,25,5.3,2.0,0.3,30,320,15,22,2.0
41,41,10.0,0.9,0.2,69,320,12,33,2.8
15,31,7.1,1.8,0.2,6,209,25,37,3.4
38,18,3.9,0.9,0.2,5,237,11,10,1.2
15,144,2.4,15.7,8.0,10,150,37,683,1.1
0,106,4.5,14.0,2.0,9,433,57,9,2.8
0,189,0.0,27.0,8.2,65,339,29,13,0.0
0,250,0.0,26.0,17.0,54,392,22,7,0.0
0,258,0.0,25.0,17.0,57,299,23,14,0.0
0,143,0.0,30.0,3.0,50,437,35,9,0.0
55,389,66.0,16.9,6.9,2,429,177,54,10.6
85,247,48.0,9.4,1.8,381,125,29,80,6.7
37,124,25.7,4.5,0.8,3,118,37,14,4.2
53,121,21.3,4.2,2.2,3,119,38,15,3.4
15,25,5.3,2.0,0.3,30,320,15,22,2.0
15,17,3.1,1.2,0.2,2,261,21,16,1.0
10,25,5.8,1.3,0.1,18,170,12,40,2.2
35,43,9.6,2.3,0.6,682,233,60,168,0.5
35,36,5.8,2.0,0.6,600,192,33,15,0.9
0,0,0.0,0.0,0.0,1,8,1,2,0.0
72,30,7.6,0.6,0.2,1,112,10,8,0.4
40,43,10.6,0.7,0.4,1,77,6,16,2.6
0,106,4.5,14.0,2.0,9,433,57,9,2.8
0,189,0.0,27.0,8.2,65,339,29,13,0.0
0,250,0.0,26.0,17.0,54,392,22,7,0.0
0,258,0.0,25.0,17.0,57,299,23,14,0.0
0,143,0.0,30.0,3.0,50,437,35,9,0.0
55,389,66.0,16.9,6.9,2,429,177,54,10.6
85,247,48.0,9.4,1.8,381,125,29,80,6.7
37,124,25.7,4.5,0.8,3,118,37,14,4.2
53,121,21.3,4.2,2.2,3,119,38,15,3.4
15,25,5.3,2.0,0.3,30,320,15,22,2.0
15,17,3.1,1.2,0.2,2,261,21,16,1.0
35,43,9.6,2.3,0.6,682,233,60,168,0.5
35,36,5.8,2.0,0.6,600,192,33,15,0.9
0,0,0.0,0.0,0.0,1,8,1,2,0.0
72,30,7.6,0.6,0.2,1,112,10,8,0.4
40,43,10.6,0.7,0.4,1,77,6,16,2.6
59,69,18.0,0.7,0.2,2,191,11,10,0.9
45,43,11.0,0.9,0.1,0,181,10,43,2.3
39,52,14.0,0.3,0.2,0,107,5,6,2.4
38,57,15.0,0.4,0.1,1,116,9,11,3.1
15,160,9.0,2.0,15.0,7,485,29,14,7.0
45,354,15.0,3.3,33.5,20,356,32,14,9.0
0,119,0.0,0.0,13.5,0,0,0,0,0.0
0,614,19.0,20.0,55.0,0,749,303,268,11.6
11,59,3.6,10.0,0.4,36,141,12,121,0.0
0,106,4.5,14.0,2.0,9,433,57,9,2.8
0,189,0.0,27.0,8.2,65,339,29,13,0.0
0,250,0.0,26.0,17.0,54,392,22,7,0.0
0,258,0.0,25.0,17.0,57,299,23,14,0.0
0,143,0.0,30.0,3.0,50,437,35,9,0.0
55,389,66.0,16.9,6.9,2,429,177,54,10.6
85,247,48.0,9.4,1.8,381,125,29,80,6.7
37,124,25.7,4.5,0.8,3,118,37,14,4.2
53,121,21.3,4.2,2.2,3,119,38,15,3.4
62,68,14.0,2.0,1.0,3,63,29,14,2.2
73,130,29.0,2.7,0.3,1,43,7,10,0.4
10,117,20.0,7.0,0.6,8,470,30,40,8.0
0,265,3.0,18.0,21.0,138,61,22,516,0.0
0,185,10.0,20.0,7.0,580,305,36,28,2.0
0,141,2.0,18.0,7.0,593,436,39,23,0.0
46,323,58.0,6.9,7.4,242,174,23,65,4.2
85,262,32.0,6.0,12.0,400,172,22,25,2.0
60,133,17.0,2.6,5.0,78,167,28,27,1.4
85,39,8.0,2.0,0.4,28,68,7,15,1.0
75,230,21.0,8.0,14.0,363,214,14,44,1.5
0,250,5.0,26.0,15.0,612,438,37,32,0.0
0,360,10.0,24.0,25.0,820,320,30,50,2.0
0,220,10.0,12.0,16.0,370,330,70,390,3.0
50,380,45.0,18.0,12.0,800,220,40,40,2.0
85,160,20.0,4.0,8.0,460,520,40,105,4.0
42,210,35.0,10.0,4.0,440,540,60,70,8.0
25,160,18.0,2.0,9.0,360,460,25,25,7.0
55,320,55.0,12.0,5.0,450,560,40,70,11.0
85,80,15.0,2.0,1.0,250,120,10,20,2.0
85,320,45.0,8.0,14.0,480,230,30,50,3.0
41,180,30.0,5.0,5.0,40,280,20,200,0.0
65,150,20.0,2.0,7.0,10,20,5,20,1.0
25,352,63.0,24.0,1.0,6,1202,36,19,7.0
95,297,46.0,8.0,9.0,532,322,40,95,5.0
0,106,20.0,3.0,1.0,221,83,20,13,2.0
0,270,5.0,29.0,15.0,540,328,34,68,1.0
65,318,56.0,7.0,7.0,591,142,33,50,2.0
85,265,38.0,3.0,12.0,140,320,20,180,4.0
85,350,15.0,7.0,29.0,780,460,55,190,2.0
50,380,45.0,18.0,12.0,800,220,40,40,2.0
40,120,27.0,1.0,0.0,1100,120,14,27,3.0
65,297,46.0,7.0,11.0,585,260,45,55,8.0
35,90,5.0,1.0,8.0,88,110,9,13,1.0
86,186,44.0,3.0,0.0,36,30,2,81,0.0
0,285,14.0,9.0,21.0,380,400,28,270,3.0
85,80,13.0,2.0,3.0,50,40,8,8,1.0
78,450,55.0,10.0,22.0,810,530,60,100,8.0
20,120,9.0,2.0,9.0,330,420,45,50,3.0
55,40,10.0,0.0,0.0,100,30,2,5,0.0
50,480,50.0,28.0,18.0,1000,420,38,90,2.0
65,315,52.0,7.0,9.0,590,130,25,50,2.0
85,200,20.0,3.0,10.0,70,100,10,150,0.0
27,215,38.0,11.0,1.0,260,1140,48,87,6.0
65,160,30.0,4.0,2.0,370,105,15,16,2.0
50,340,55.0,8.0,10.0,590,240,30,40,4.0
0,290,4.0,29.0,18.0,620,420,33,20,1.0
35,180,30.0,4.0,5.0,380,140,30,70,4.0
0,250,10.0,28.0,13.0,620,370,36,40,3.0
20,130,15.0,2.0,8.0,370,410,24,35,5.0
0,320,5.0,16.0,27.0,540,310,29,460,1.0
85,180,23.0,4.0,8.0,230,160,15,60,2.0
0,200,10.0,25.0,8.0,690,380,40,80,1.0
65,260,32.0,7.0,12.0,580,460,38,35,3.0
0,180,2.0,24.0,9.0,460,300,25,18,1.0
0,150,12.0,5.0,10.0,520,380,28,60,3.0
30,90,8.0,3.0,5.0,110,180,10,80,1.0
0,290,10.0,12.0,22.0,620,380,30,450,3.0
65,320,50.0,7.0,9.0,560,240,35,60,3.0
0,180,2.0,25.0,8.0,380,410,35,20,0.0
15,240,8.0,15.0,17.0,570,560,38,430,3.0
70,150,14.0,3.0,9.0,260,75,20,15,2.0
0,220,8.0,24.0,11.0,630,410,30,30,2.0
15,230,5.0,14.0,18.0,380,310,30,380,1.0
65,180,20.0,3.0,17.0,440,180,15,35,3.0
50,400,45.0,28.0,15.0,780,320,30,40,2.0
25,60,15.0,2.0,0.0,450,110,20,20,1.0
55,220,40.0,5.0,4.0,520,130,28,25,2.0
50,250,40.0,5.0,7.0,550,70,20,30,1.0
65,300,40.0,8.0,12.0,150,90,10,150,2.0
27,350,55.0,15.0,6.0,460,730,42,80,10.0
60,250,25.0,8.0,14.0,520,300,25,40,3.0
40,180,25.0,5.0,8.0,400,500,30,60,5.0
85,260,26.0,5.0,16.0,470,170,25,30,2.0
25,180,30.0,10.0,4.0,460,700,35,50,6.0
90,200,20.0,5.0,12.0,370,160,20,25,2.0
70,280,50.0,6.0,6.0,520,190,25,40,2.0
70,150,25.0,3.0,5.0,70,50,5,20,1.0
80,320,40.0,7.0,15.0,590,220,20,20,3.0
0,350,12.0,25.0,24.0,790,400,35,50,1.0
85,180,32.0,7.0,2.0,570,220,25,40,3.0
35,320,45.0,8.0,12.0,460,410,28,45,5.0
85,180,25.0,4.0,8.0,410,110,15,20,2.0
20,220,15.0,10.0,14.0,480,420,25,350,3.0
15,150,10.0,4.0,11.0,450,300,28,80,4.0
70,300,40.0,6.0,14.0,560,540,40,60,6.0
50,400,45.0,28.0,15.0,780,320,30,40,2.0
50,120,25.0,3.0,1.0,450,230,18,20,1.0
15,280,12.0,12.0,20.0,600,480,32,400,3.0
0,220,10.0,25.0,10.0,580,400,35,40,0.0
50,380,50.0,10.0,16.0,560,320,30,70,6.0
0,220,2.0,30.0,10.0,480,340,25,20,1.0
50,450,40.0,25.0,20.0,850,380,40,60,2.0
65,180,30.0,5.0,6.0,120,90,10,150,1.0
0,250,10.0,28.0,13.0,620,370,36,40,3.0
65,280,50.0,5.0,8.0,540,180,25,40,2.0
55,230,30.0,5.0,10.0,620,320,28,60,4.0
30,180,30.0,10.0,2.0,420,730,30,60,8.0
10,200,15.0,8.0,14.0,520,400,25,80,4.0
55,220,40.0,4.0,6.0,470,180,25,20,2.0
0,320,10.0,25.0,20.0,650,380,35,50,1.0
27,280,45.0,15.0,4.0,580,750,38,80,9.0
85,180,20.0,4.0,10.0,400,280,20,30,2.0
70,320,40.0,8.0,12.0,480,150,25,50,3.0
20,260,15.0,10.0,16.0,540,450,28,350,2.0
50,200,30.0,6.0,8.0,380,240,20,30,2.0
15,180,20.0,4.0,10.0,460,380,30,40,5.0
25,320,25.0,8.0,18.0,590,480,32,100,4.0
35,180,30.0,5.0,4.0,420,280,25,20,6.0
50,350,50.0,8.0,12.0,660,320,30,50,4.0
0,340,12.0,25.0,22.0,710,390,35,60,2.0
65,150,30.0,4.0,2.0,440,180,22,20,2.0
25,250,20.0,8.0,16.0,520,450,30,100,5.0
20,280,15.0,12.0,18.0,550,480,32,300,3.0
55,200,35.0,6.0,4.0,480,280,25,40,3.0
60,280,45.0,5.0,8.0,560,320,25,60,4.0
0,290,10.0,26.0,16.0,620,380,35,50,3.0
45,220,25.0,5.0,12.0,480,300,28,80,4.0
20,260,15.0,12.0,18.0,550,480,32,400,4.0
85,80,15.0,2.0,2.0,220,120,10,20,2.0
70,320,40.0,8.0,14.0,560,250,25,50,4.0
0,290,15.0,25.0,16.0,680,390,35,60,1.0
42,260,45.0,10.0,4.0,580,750,40,80,10.0
65,320,45.0,8.0,14.0,580,350,25,40,4.0
0,360,12.0,28.0,24.0,700,410,40,70,2.0
65,200,30.0,5.0,8.0,380,240,20,30,2.0
75,260,35.0,5.0,12.0,460,180,20,50,2.0
0,280,10.0,25.0,16.0,620,380,35,40,2.0
70,240,35.0,5.0,10.0,120,180,20,160,2.0
45,220,20.0,6.0,14.0,540,300,28,80,3.0
65,150,35.0,2.0,0.0,35,40,5,80,0.0
65,220,30.0,4.0,10.0,95,150,20,180,1.0
20,280,8.0,15.0,20.0,620,480,30,300,2.0
35,240,20.0,10.0,16.0,570,450,28,200,4.0
55,320,40.0,8.0,16.0,780,450,30,100,5.0
50,400,45.0,20.0,16.0,820,480,35,60,2.0
50,180,35.0,4.0,2.0,460,280,22,20,3.0
25,120,20.0,3.0,3.0,50,180,10,100,0.0
27,320,55.0,10.0,6.0,680,750,40,100,7.0
50,400,50.0,10.0,18.0,780,520,35,100,8.0
6,170,20.0,6.0,9.0,230,240,40,40,6.0
30,320,35.0,10.0,18.0,430,400,35,100,7.0
25,180,20.0,4.0,10.0,280,250,20,80,3.0
20,400,25.0,30.0,20.0,980,450,30,120,3.0
12,160,10.0,3.0,12.0,240,210,25,60,2.0
45,400,60.0,12.0,10.0,650,300,35,80,4.0
50,380,45.0,15.0,16.0,720,350,30,60,3.0
30,250,30.0,8.0,12.0,380,200,20,40,3.0
45,280,30.0,12.0,14.0,480,250,28,120,2.0
0,320,8.0,25.0,20.0,620,380,35,60,2.0
4,150,6.0,10.0,10.0,200,240,30,350,0.0
75,300,40.0,5.0,14.0,250,100,15,120,2.0
0,280,5.0,25.0,18.0,740,380,30,60,1.0
20,400,35.0,15.0,22.0,950,420,35,100,4.0
40,500,45.0,25.0,28.0,800,550,40,150,3.0
40,240,40.0,12.0,2.0,300,600,40,80,10.0
20,350,15.0,30.0,22.0,880,410,35,60,2.0
4,90,12.0,3.0,3.0,90,220,10,120,0.0
25,180,25.0,5.0,8.0,75,150,15,150,1.0
45,420,45.0,25.0,18.0,720,390,30,80,3.0
30,260,20.0,15.0,14.0,480,350,25,60,3.0
80,180,20.0,5.0,10.0,200,180,20,20,2.0
50,400,45.0,20.0,16.0,820,480,35,60,2.0
55,150,35.0,1.0,0.0,10,200,15,25,2.0
0,300,10.0,25.0,18.0,680,420,30,60,3.0
55,380,45.0,15.0,18.0,850,380,35,90,4.0
40,450,50.0,20.0,20.0,820,550,30,120,3.0
25,180,25.0,5.0,8.0,320,250,20,120,4.0
40,500,45.0,25.0,28.0,800,550,40,150,3.0
0,250,15.0,15.0,18.0,350,300,25,50,2.0
30,320,35.0,10.0,18.0,680,350,35,80,5.0
40,280,30.0,10.0,15.0,480,250,25,120,2.0
50,380,30.0,20.0,22.0,780,400,35,100,3.0
75,320,40.0,5.0,16.0,200,100,15,120,2.0
55,320,30.0,5.0,18.0,200,100,15,120,2.0
30,60,10.0,2.0,1.0,10,50,5,10,3.402794411177645
50,420,50.0,20.0,15.0,780,400,35,80,3.0
45,240,25.0,10.0,12.0,360,220,20,60,2.0
35,320,55.0,10.0,6.0,520,450,30,80,8.0
50,250,15.0,10.0,18.0,480,300,20,100,4.0
35,180,30.0,8.0,4.0,480,400,25,60,8.0
40,300,45.0,15.0,6.0,580,450,35,120,6.0
20,350,20.0,30.0,18.0,880,420,35,60,2.0
40,220,30.0,10.0,8.0,550,320,30,80,4.0
50,480,40.0,25.0,22.0,840,470,30,120,3.0
68,180,20.0,3.0,10.0,30,80,15,15,1.0
10,150,10.0,2.0,12.0,180,210,20,30,4.0
55,250,30.0,5.0,12.0,380,220,25,120,2.0
